{
	"calibDataSource": "160223_calib_tent13_norm",
	"cameras": [
		{
			"name": "00_03",
			"type": "hd",
			"resolution": [2688,1512],
			"panel": 0,
			"node": 3,
			"K": [
				[1880.83, 0, 1416.69],
				[0,1878.80,791.20],
				[0,0,1]
			   ],
			"distCoef": [
				-0.425868403410741,
				0.231389249128479,
				0.00000,
				-0.000,
				0.00000
			   ],
			"R": [
				[
					0.034126700437403,
					-0.640906983682350,
					0.766859574227542
				],
				[
					-0.998951573593831,
					-0.045302045520877,
					0.006593806642078
				],
				[
					0.030514290613818,
					-0.766280603264115,
					-0.641781049213452
				]
			   ],
			"t": [
				[44.782649071518996],
				[517.4806407233392],
				[3688.82]
			   ]
		},
		{
			"name": "00_06",
			"type": "hd",
			"resolution": [2688,1512],
			"panel": 0,
			"node": 6,
			"K": [[
					2543.61,
					0,
					728.41
				],
				[
					0,
					2419.66,
					628.36
				],
				[
					0,
					0,
					1
				]
			   ],
			   "distCoef": [
				-0.400198194325364,
				0.202239533715056,
				0.0,
				0.0,
				0.00000
			   ],
			   "R": [
				[
					0.985683251778244,
					-0.103354366663951,
					0.133215622414798
				],
				[
					-0.154876926463834,
					-0.242705912129443,
					0.957657025174739
				],
				[
					-0.066645816170143,
					-0.964578516819087,
					-0.255238359339083
				]
			   ],
			   "t": [
				[
					1992.91
				],
				[
					846.78 
				],
				[
					5724.45
				]
			]
		},
		{
			"name": "00_12",
			"type": "hd",
			"resolution": [2688,1512],
			"panel": 0,
			"node": 12,
			"K": [
				[
					1874.17,
					0,
					1113.11 
				],
				[
					0,
					1944.05,
					727.47 
				],
				[
					0,
					0,
					1
				]
			   ],
			"distCoef": [
				-0.485225293961136,
				0.343759084076600,
				0.0,
				-0.0,
				0.00000
			   ],
			"R": [[-0.12529,0.79428,-0.5945],[0.98436,0.024701,-0.17446],[-0.12388,-0.60705,-0.78494]],
			"t": [
				[
					-867.13
				],
				[
					-369.07
				],
				[
					3923.57
				]
			]
		}
	]
}
